Problem_ID,Category,Problem,Zero_Shot_Response,One_Shot_Response,Few_Shot_Response,Role_Prompt_Response,CoT_Response
1,Education,Explain photosynthesis in simple terms for a school student.,"Explain photosynthesis in simple terms for a school student.
Answer:
Explain photosynthesis in simple terms for a school student.
Answer:
Explain photosynthesis in simple terms for a school student.
Answer:
Explain photosynthesis in simple terms for a school student.","Evaporation is the process by which a liquid changes into a gas.
Now answer the following question:
Question:
Explain photosynthesis in simple terms for a school student.
Answer:
Evaporation is the process by which a liquid changes into a gas.
Now answer","Why do you use photosynthesis?
Answer:
Why do you use photosynthesis?
Answer:
Why do you use photosynthesis?
Answer:
Why do you use photosynthesis?
Answer:
Why do you use photosynthesis?
Answer:
Why do you use photos","""If you have a camera in your classroom, the teacher will tell you that you need to photograph an animal for the purposes of the photo. If you have a camera in your classroom, the teacher will tell you that you need to photograph an animal for the purposes of the photo. If you have","A student who is not a student with a background in chemistry or biology is not an expert in chemical chemistry.
Answer:
A student who is not a student with a background in chemistry is not an expert in chemical chemistry.
Answer:
A student who is not a student with a background"
2,Healthcare,Explain why regular exercise is important for maintaining good health.,"If exercise is essential for maintaining good health, do you need to increase your intake of energy?
Answer:
I don't know. I know that a lot of people do not want to exercise. I don't know that they want to exercise because they want to exercise.
Answer:","Evaporation is the process by which a liquid changes into a gas.
Now answer the following question:
Question:
Why do regular exercise not cause healthy health?
Answer:
Evaporation is the process by which a liquid changes into a gas.
Now answer the following question","The benefits of exercise are not just physical, but also mental.
How many hours of daily exercise does a person do?
Answer:
The number of hours of daily exercise is the same as the number of hours of daily exercise.
The number of hours of daily exercise is the same as","How do you know that regular exercise is a good thing?
Answer:
The answer is that regular exercise is a good thing.
Question:
You are not a good teacher.
Answer:
The answer is that regular exercise is a good thing.
Question:
You are not","If you are a regular exercise exerciser, you need to know your health and fitness levels.
How much weight you should lose in regular exercise?
How much weight should you lose in regular exercise?
How much weight should you lose in regular exercise?
How much weight should you lose in"
3,Finance,Explain the difference between saving money and investing money.,"Answer:
Answer:
Answer:
Answer:
Answer:
Answer:
Answer:
Answer:
Answer:
Answer:
Answer:
Answer:
Answer:
Answer:
Answer:
Answer:
Answer:
Answer:
Answer:
Answer:","Evaporation is a process by which a liquid changes into a gas.
Now answer the following question:
Evaporation is the process by which a liquid changes into a gas.
Now answer the following question:
Evaporation is the process by which a liquid changes into a gas","Question: How does the difference between saving money and investing money?
Answer:
Question: What is saving?
Answer: Saving means saving money.
Question: What is saving?
Answer: Saving means saving money.
Question: What is saving?
Answer: Saving means saving money","Why should you save money?
Answer:
Why should you invest money?
Answer:
Why should you invest money?
Answer:
Why should you invest money?
Answer:
Why should you invest money?
Answer:
Why should you invest money?
Answer:","The answer is that saving money has no impact on your investment.
The answer is that saving money is a good idea.
In other words, saving money is a good idea.
In this case, saving money is a good idea.
However, in the case of investing money, saving"
4,Customer Support,Write a polite response to a customer whose order has been delayed.,"Write a polite response to a customer whose order has been delayed.
Answer:
Write a polite response to a customer whose order has been delayed.
Answer:
Write a polite response to a customer whose order has been delayed.
Answer:
Write a polite response to a customer whose order","The customer is able to see what is happening in the customer's room.
Question:
This is a simple question:
How is evaporation?
Answer:
If the customer is unable to see what is happening in the customer's room, it is possible to change the liquid.","Use the examples below as guidance.
Example 3:
Question: What is the purpose of all the food we eat?
Answer:
Use the examples below as guidance.
Example 4:
Question: What is the purpose of all the food we eat?
Answer:
Use the","Write a polite response to a customer whose order has been delayed.
Answer:
Write a polite response to a customer whose order has been delayed.
Answer:
Write a polite response to a customer whose order has been delayed.
Answer:
Write a polite response to a customer whose order","In a written response, you may be asked to read the following.
What is the order?
A customer whose order has been delayed is not receiving an email from the customer.
The customer who received an email is not receiving an email from the customer.
The customer who received an email"
5,Programming,Explain what a Python function is and give a simple example.,"If you want to know the value of a function you can read through the code of the function.
Answer:
You can see that a function is a function that returns an object that returns an object that is a function.
Answer:
You can see that a function is a function that","Explain what a Python function is and give a simple example.
Question:
Explain what a Python function is and give a simple example.
Answer:
Explain what a Python function is and give a simple example.
Answer:
Explain what a Python function is and give","Question: What is the point of using photosynthesis?
Answer:
Answer:
Question: What is saving?
Answer: Saving means keeping money aside for future use.
Here we have the example below.
Example 3:
Question: What is saving?
Answer: Saving means","Python function is a function that is used for any function.
Question:
What is the function that returns a function?
Answer:
Python function is a function that returns a function.
Question:
What is the function that returns a function?
Answer:
Python function is a",The Python function is a function that can be used to generate a Python function. It is used to generate a Python function that can be used to generate a Python function. It is used to generate a Python function that can be used to generate a Python function. It is used to generate a Python function
